tr	PRON	What irritates me is this sudden false ' solidarity ' between Sunni and Shi ' ite clerics , we all know that they would be glad to get at each others throats when they have the chance , and Shia clerics were describing Fallujan insurgents as ' Ba ' athists ', ' Saddamites ', ' Wahhabis ', and ' terrorists ' just a few days ago .
tr	PRON	They happened in the Philippines which , like Pakistan , is an important and vulnerable node for the business which intelligence agencies and terrorist organizations conduct with each other .
tr	PRON	The letters , six in all , were sent within two hours of each other and represented dozens of power generators .
tr	PRON	Their chauvinisms got to the point that even they themselves hated each other .
tr	PRON	Once he is more comfy with his surroundings , then you can start handling him and getting to know each other more .
tr	PRON	Sounds like your 2 at least tolerate each other , so there is hope there .
tr	PRON	She is friendly when we see each other on campus .
tr	PRON	the next day i let her out of the bedroom so they could check each other out , and the kitten hissed twice within the first 20 minutes of meeting each other and now she no longer hisses and they have been playing ( chasing each other up and down the hall , rolling around on the ground and pawing at each other ).
tr	PRON	I have two cats , and at first they hissed at each other because cats are very territorial , but now they do fight and play .
tr	PRON	When they are just jumping at each other and their tails are wagging that means that they are playing .
tr	PRON	I am 21 , so yeah we were both kids when we knew each other !
tr	PRON	He was In his 30s divorced and Had 2 kids .. but we both flirted Horribly with each other .. but neither one of us took the chance and Asked to other on a date . :(
tr	PRON	Employees seemed to be having a good time chatting and laughing with each other , while myself and other customers were completely ignored .
tr	ADV	He did once make an unforgivable error when he mentioned that Fallujan militants were shooting at the Marines from the roofs of mosques and houses in Hay Al - Golan , but of course that is okay for Al - Jazeera .
tr	ADV	Of course , the sooner the US soldiers can be withdrawn in favor of less - provocative local or international forces , the better .
tr	ADV	Bill Clinton understood this at the end of his term in office yet , under Colin Powell ( who appears to have an affinity for generals active in politics ), the pendulum of U . S . policy has once again swung toward a quixotic effort to prize at least the Valley of Kashmir loose from India .
tr	ADV	"Wilson had been able to show that he ' d had more than 80 "" non - social contacts "" with the CIA since his retirement in 1971 , leaving the prosecution ' s case in turmoil ."
tr	ADV	Don ' t Let This Pass You By Without At Least Taking A Look .
tr	ADV	Among the weapons intercepted were two rocket - propelled - grenade launchers , 20 assault rifles , M - 79 grenade launchers and more than 10 , 000 rounds of ammunition .
tr	ADV	India ' s Andaman and Nicobar Islands comprise more than 500 islands lying 1 , 000 kilometers east of Sri Lanka in the Bay of Bengal .
tr	ADV	Archibald says Mr . Bush would come into the office and , in a friendly way , offer up stories about the drinking he ' d done the night before , kind of as a conversation starter .
tr	ADV	When victims and witnesses speak up , at least sometimes a child is protected , the truth is exposed , and justice is done .
tr	ADV	Then , of course , there is the evidence the jury did not hear about in the Robinson case ...
tr	ADV	Of course law enforcement has dragged it ' s feet when members are taking part in the activity themselves .
tr	ADV	One man ' s relentless search for his missing son led him to uncover one of the most shocking crimes in post - war Italy - a tale of satanism and violence that has gripped the country for more than a year .
tr	ADV	If the load was 99 tonnes there were probably less than 20 , 000 .
tr	ADV	The Saudi regime , of course , will be the next victim of major terror , when the inner circle will explode into the outer circle .
tr	ADV	Iran sponsors Syrian terrorism , it is certainly behind much of the action in Iraq , it is fully funding the Hezbollah and , through it , the Palestinian Hamas and Islamic Jihad ; it performed acts of terror at least in Europe and in South America and probably also in Uzbekistan and Saudi Arabia and it truly leads a multi - national terror consortium , which includes , as minor players , Syria , Lebanon and certain Shiite elements in Iraq .
tr	ADV	At least according to the public comments by bioweaponeer experts William Patrick and Kenneth Alibek , under the optimal method , there is no electrostatic charge .
tr	ADV	"Finally , the "" Hatfill theory "" seems to have been exhausted or at least lost public favor ."
tr	ADV	The FBI ' s fixation on Hatfill ( at least as rumored by some reporters ) may have stemmed from a warning by one Senator that careers hung in the balance .
tr	ADV	Of course , you would then be in a position to sell calls again if the stock makes a bounce .
tr	ADV	They are kind of in rank order but as I stated if I find the piece that I like we will purchase it .
tr	ADV	At least that is what I am thinking now .
tr	ADV	Figures , of course .
tr	ADV	I told him I told you to call him back and at least hear what he has to say .
tr	ADV	Please let me know about your availability and if it is possible to meet with more than one of you in one place .
tr	ADV	rent car & drive to first hotel ( less than 1 hour away ); collapse
tr	ADV	It ' s a two way street , of course .
tr	ADV	I was kind of curious , what exactly is Guild Wars ?
tr	ADV	Damage estimates of more than $ 25bn suggest it could be the US insurance industry ' s most expensive natural disaster ever .
tr	ADV	of course , in a perfect world , tax payers ' money would go toward some sort of national healthcare program , and housing for the homeless , but this is far from a perfect world .
tr	ADV	China ' s overtures to join the U . S .- led effort to develop the 16 - nation international space station have been thwarted for more than a decade over a range of issues , including the Asian country ' s human rights policies and worries it could acquire technologies that could pose a security threat .
tr	ADV	( I kind of see him to be for animal rights theory as Peter Singer is to the theory of utilitarianism applied to non - human animals ).
tr	ADV	I was already a vegetarian when I read it a little more than a year ago , but it was one of the bigger factors for me in going completely vegan .
tr	ADV	By the end of the second week I had made a total of more than $ 1000 . 00 !!
tr	ADV	In the third week I had more than $ 10 , 000 . 00 and it ' s still growing !!
tr	ADV	"At least he isn ' t using this disaster for cheap political point - scoring ."""
tr	ADV	There is a lot of racial diversity in all of these places ... and I ' ve vacationed through the south ... visited my folks when they lived in Mississippi , and where they live now and are in the racial minority being white ( less than 20 %) in northeastern Arkansas .
tr	ADV	To be sure , both Lopez & Perez were conversos -- but they were thought of in England as being , as they undoubtedly were , at least ethnically , Jews .>>
tr	ADV	The occupation of Iraq has become a guerrilla war , a siege that has lasted more than a thousand days .
tr	ADV	The Abramoff scandal threatens to subsume all the hard - fought GOP gains in Congress , and the 2006 midterms are less than a year away .
tr	ADV	31 - Number of Bush administration appointees who are alumni of the energy industry ( includes four cabinet secretaries , the six most powerful White House officials , and more than 20 other high - level appointees ).
tr	ADV	100 - Number of US chemical plants where a terrorist act could endanger the lives of more than one million people .
tr	ADV	88 - Percentage of American families who will save less than $ 100 on their 2006 federal taxes as a result of 2003 cut in capital gains and dividends taxes .
tr	ADV	43 . 6m - Number of Americans without health insurance by the end of 2002 ( more than 15 per cent of the population ).
tr	ADV	yes of course you can ....
tr	ADV	well if your desired boarding station comes after more than 2 or 3 halts of the actual boarding point , then the TC will cancel you ticket and allot the seat to others .
tr	ADV	Wire cages are NOT acceptable for dwarfs really , unless the bars have less than half a cm between them .
tr	ADV	Let her do it - argue when you are of age and can battle the other adults in your community - skipping of course telling your boss he / she is a prudish ignoramus because you want to keep your job .
tr	ADV	Since they released kinect this was kind of their way of releasing a new Xbox so they don ' t plan on making another one for a while .
tr	ADV	Stories of cats living more than 25 years are rare .
tr	ADV	Okinawa is quite different from the rest of Japan , although of course there are similarities .
tr	ADV	""" 4 . May I qualify under the Skilled Worker category even if I score less than 67 points ?"""
tr	ADV	""" If the Canadian Immigration Visa Officer believes that the point total does not accurately reflect your ability to become economically established in Canada , the Canadian Immigration Visa Officer may use his or her positive discretion ( referred to as substituted evaluation ) and approve your application even though you score less than 67 points ."""
tr	ADV	then I think I just kind of stopped smiling and just kind of sat there looking at the dates .
tr	ADV	A least your going .!
tr	ADV	At least you get to go to Florida in JANUARY .
tr	ADV	I never stayed more than two weeks at a time when I visited the U . K .
tr	ADV	Second is there any way to sort of customize the places you wanna go to ?
tr	ADV	He is kind of hate walking with leash , every time I put the leash on , he will try to bite it .
tr	ADV	My second favorite would have to be the Guinea Pig - not quite as social with people as rats ( at least mine wasn ' t ) but more so than most hamsters or mice .
tr	ADV	That ' s kind of the way it goes .. lol .
tr	ADV	This is in Ontario of course , the rates may be slightly different for other provinces / territories .
tr	ADV	territory is very important to cats , and they are very nervous when they go into a new place - a new house could be full of predators , or unknown menaces - well at least he thinks so .
tr	ADV	You don ' t want to spend more than $ 20 and yet you have an expensive hobby like riding horses ?
tr	ADV	What you have read in the internet is fairly accurate but of course it does not fit all scenarios .
tr	ADV	I may have to live somewhere rural or in Auckland , but at least I can be pretty sure I ' ll be employable .
tr	ADV	mm it depends on the size of his tank or cage or whatever you have him in .. atleast as far as i ' m concerned .
tr	ADV	However if you plan on getting one , then get more than one at the same time they need company .
tr	ADV	sorta wonder what it would have been like ?
tr	ADV	they fixed my garage doors in literally less than an hour .
tr	ADV	He was less than half of the price of the cheapest quote we got , and his work was top notch .
tr	ADV	Come back and give HCC a second chance at least !
tr	ADV	"grey shirt "" mark "" of course with this type behavior he could have been wearing someonelses clothing ....."
tr	ADV	I have been to Kim at Cheveux for more than five years .
tr	ADV	I am made to feel special when I am in the chair and I have NEVER had a less than amazing cut or color experience .
tr	ADV	She sort of appologized for Dan taking the day off to go skiing - but he could do the repair on Sunday !
tr	ADV	The second vendor charged $ 55 ( less than half of what A & E charges ) to come and applied that to the price of the repair service ( which A & E does not ).
tr	ADV	Now , of course , there ' s a new building , with presumably better facilities .
tr	ADV	The motel is very well maintained , and the managers are so accomodating , it ' s kind of like visiting family each year ! ;-)
tr	ADV	It took them nearly two months to complete a simple task , and countless calls from my part due to their lack of response and passion ( not that it ' s a requirement for the job , but it helps to at least pretend to be helpful ).
tr	ADV	We took it back in to have it repaired again , and less than a week later the second compressor went out .
tr	ADV	Well , unless of course the third compressor he put in the car goes out .
tr	ADV	I said I was going to trash it also and could I at least have a credit .
tr	ADV	My dogs are far from perfect , and one of them I believe would be a little much for daycare here herself ( at least initially ).
tr	ADV	Of course , they would be closing in 5 minutes , so I would have to hurry up or get it the next day .
tr	ADV	Of course I couldn ' t make it back in time ( and they apparently could not stay 5 extra minutes to wait for me ).
tr	ADV	Of course , they couldn ' t call him either to ask about it because apparently they don ' t keep their employees ' phone numbers ( riiight ), so I would have to return on Monday ( driving for 3 days now with no wheel lock should I get a flat ).
tr	CCONJ	His military intelligence has captured major figures like Abu Zubayda and Khalid Shaykh Muhammad , as well as nearly 500 other al - Qaeda operatives , over 400 of whom the Pakistanis have turned over to the US .
tr	CCONJ	He said that they have the training and the funding as well as the support of neighbouring and regional governments .
tr	CCONJ	These states , as well as the Palestinian Authority , are the safe havens of the wholesale murder vendors .
tr	CCONJ	""" The Prophet ' s guidance ,"" says Michael Scheuer , an al - Qaeda analyst who recently retired from the CIA and once headed its Bin Laden unit , "" was always , Before you attack someone , warn them very clearly ..."" The anthrax mailings followed the pattern of letters they sent in January 1997 to newspaper branches in Washington , D . C . and New York City , as well as symbolic targets ."
tr	CCONJ	A report by the Center for Disease Control of interviews with AMI employees ( as well as detailed interviews by author Leonard Cole ) supports the conclusion that there were not one , but two , such mailings containing anthrax .
tr	CCONJ	She had her cards memorized as well as everyone elses ( when you play you ' ll see why you can know everyone elses hands !).
tr	CCONJ	Ma said she had a great time in Houston , She was happy to see yourself , as well as C & D .
tr	CCONJ	I ' m planning on dragging him to at least one of the U . T . games , I just have to find out when he wants to go ( as well as properly prepare him for the Scott / Kelley / Parks / Wild Card gang and the full - day affair that is a U . T . game ).
tr	CCONJ	Given the above , if you have adequate protection for the word ENRON ( which covers the services that you offer on - line as well as your core activities ), I ' d say that another application for the words ENRON ONLINE is probably unnecessary .
tr	CCONJ	Please disregard and destroy the form you received on July 2 , as well as any blank forms retrieved from the PEP system prior to that date .
tr	CCONJ	Kathy McMahon suggested that I contact you in an effort to gather information on : Enron ' s Affirmative Action Policy and plans ; as well as demographic analysis of workforce ( gender , age , ethnic origin , nationality )
tr	CCONJ	Its projected demand , boosted by a huge rise in car ownership as well as the need to find alternatives to polluting coal for electricity generation , has contributed to the surge in the price of oil this year .
tr	CCONJ	""" A fine comparison !"" said Sancho ; "" though not so new but that I have heard it many and many a time , as well as that other one of the game of CHESS ; how , so long as the game lasts , each piece has its own particular office , and when the game is finished they are all mixed , jumbled up and shaken together , and stowed away in the bag , which is much like ending life in the grave ."""
tr	CCONJ	Looking out of the window , Decoud was met by a darkness so impenetrable that he could see neither the mountains nor the town , nor yet the buildings near the harbour ; and there was not a sound , as if the tremendous obscurity of the Placid Gulf , spreading from the waters over the land , had made it dumb as well as blind . . . .
tr	CCONJ	"John Lennon ' s divorce followed , as well as his entering the world of black magic , as deeply as to buy the apartment . where the "" Rosemary ' s baby "" had been filmed , previous property of Roman Polansky , and in that same apartment John Lennon had a room upholstered with black silk where he used to do his black magic operations ."
tr	CCONJ	It is interesting to notice that he was shot seven times , being seven , as well as three , the holy numbers in Holy Cabalah tradition ....
tr	CCONJ	It will give you a lot more power , as well as control over how your black and white photo looks :
tr	CCONJ	Wii U has been announced as well as the PS4 however the PS4 is only in development while the Wii U should be out next year .
tr	CCONJ	In the shot from the back , the crumpled bottom of the curtain is pretty noticeable as well as the power outlet .
tr	CCONJ	We have attended A Ward Dance Centre for over a year and really enjoy the friendly and welcoming way we are taught Ballroom and Latin as well as the fun filled social dance evening held every Saturday evening ....
tr	CCONJ	I completely enjoyed my whole check in experience and was impressed with the friendliness and professionalism of the staff as well as the accommodations themselves .
tr	CCONJ	I dont know how it is possible to make orange chicken , sesame chicken and kung pao chicken as well as cheese puffs taste THAT bad but China Delight accomplished that .
tr	ADP	Iraqi cities such as Fallujah and Ramadi were on the truck route from Amman to Baghdad , and so came under the influence of the Salafi movement , which is popular in Jordan .
tr	ADP	According to Professor S D Muni , South Asia expert at the Jawaharal Nehru University , the two - year peace talks between Colombo and the Liberation Tigers of Tamil Eelam ( LTTE ) are stalemated .
tr	ADP	According to former Indian army general A S Kalkat , the difficulty for Kumaratunga ' s government lay in the fact that the LTTE had become a de jure power in the north and east of the island and was running every aspect of civil administration in the areas within its control .
tr	ADP	Realists , and this even includes members of the U . S . Democratic foreign policy establishment such as Strobe Talbott , who have long sought to divest India of its defensive capability against another nuclear power in Asia , understand the only feasible solution for Kashmir is the acceptance of the status quo .
tr	ADP	According to records released earlier this year , Bush earned 253 points in his first year , May 1968 to May 1969 ( since he joined in May 1968 , his service thereafter was measured on a May - to - May basis ).
tr	ADP	That brings the story to May 1972 — the time that has been the focus of so many news reports — when Bush “ deserted ” ( according to anti - Bush filmmaker Michael Moore ) or went “ AWOL ” ( according to Terry McAuliffe , chairman of the Democratic National Committee ).
tr	ADP	In fact , it would tend to encourage more organized anti - India outfits , such as the Pakistani Inter - Services Intelligence ( ISI ) and outside - linked Maoists , to exploit these networks and weaken India ' s eastern flank .
tr	ADP	In 2001 , according to Indian army officials , security forces launched a wide - ranging operation in the 300 - some inhabited islands neighboring Andaman and Nicobar , and found huge caches of arms .
tr	ADP	It is widely acknowledged that the Pakistani ISI has nurtured a number of extremist Islamist groups , such as the Harkat - ul - Jehad - al - Islami , in the port city of Chittagong , and put a number of secessionist rebels from India ' s northeast in touch with this terrorist network .
tr	ADP	With President Karzai certain to win the elections and the demotion of key former Northern Alliance figures such as General Fahim and warlord Ismail Khan , there is now little reason for moderate Taliban leaders to fear reprisals from former Northern Alliance figures if they return home .
tr	ADP	GOODWYN : According to Archibald , Mr . Bush would also sometimes tell stories about his days at Yale in New Haven , and how whenever he got pulled over for erratic driving , he was let go after the officers discovered he was the grandson of a Connecticut US senator .
tr	ADP	In the past , he has talked in apocalyptic terms about a violent end to the world , according to former members .
tr	ADP	He blended belief systems such as Shamanism , Christianity , Buddhism , Paganism , Hermeticism and Gnosticism and imbued Coil ' s vast output with a magickal current designed to have a functionally transcendent effect on listeners .
tr	ADP	According to a report prepared by a committee of Arab intellectuals and published under the auspices of the U . N ., the number of books translated by the entire Arab world is much smaller than what little Greece alone translates .
tr	ADP	According to senior counter terrorism officials , both here and abroad , among the supporters of these militant islamists were people who blended into society and were available to act when another part of the network requested it .
tr	ADP	"In early June 2003 , a Central Intelligence Agency ("" CIA "") report publicly disclosed that the reason for Mohammed Atta ' s and Zacarias Moussaoui ' s inquiries into cropdusters was for the contemplated use in dispersing biological agents such as anthrax ."
tr	ADP	"In a statement issued June 16 , 2004 , the 9 / 11 Commission Staff concluded that "" Al Qaeda had an ambitious biological weapons program and was making advances in its ability to produce anthrax prior to September 11 ."
tr	ADP	"According to Director of Central Intelligence George Tenet , al Qaeda ’ s ability to conduct an anthrax attack is one of the most immediate threats the United States is likely to face ."""
tr	ADP	Sufaat , according to both KSM and Hambali , did not have the virulent US Army Ames strain that would be used .
tr	ADP	According to senior counter terrorism officials , both here and abroad , among the supporters of these militant islamists were people who blended into society and were available to act when another part of the network requested it .
tr	ADP	According to some reports , Zawahiri is thought by intelligence to be somewhere near the border of Pakistan and Afghanistan .
tr	ADP	There was lax control over the distribution of the Ames strain that was used , especially in light of the fact that transfers were not even required to be recorded prior to 1997 .
tr	ADP	According to the Pakistan reports , Aafia Siddiqui was detained after being spotted at Karachi International airport ( after she was followed to a relative ' s house ).
tr	ADP	In early June 2003 , a CIA report concluded that the reason for Atta ' s and Zacarias Moussaoui ' s inquiries into cropdusters was in fact for the contemplated use in dispersing biological agents such as anthrax .
tr	ADP	According to at least some reports , Bin Laden rejected the suggestion of a closer alliance -- preferring to pursue his own concept of jihad .
tr	ADP	Two top Iraqi scientists , code named Charlie and Alpha , are helping the coalition to learn more about Iraqi ' s anthrax program , according to Dr . David Kay , head of the Iraq survey group in charge of the hunt for WMD .
tr	ADP	According to a post she made on the internet , Aafia Siddiqui expressed the same sentiment in connection with US appropriations sought in exchange for the extradition of WTC 1993 plotter Ramzi Yousef from Pakistan .
tr	ADP	"According to the controversial "" Feith memo ,"" which summarized purported intelligence showing an Iraqi / Al Qaeda connection , Osama Bin Laden had asked Iraqi intelligence for technical assistance in sending letter bombs a half year before the Al Hayat letters were sent ."
tr	ADP	I suggest that you compare Elena and Sarah ' s duties / level to other Sr . Spec . in your group such as Kenneth Parkhill and Sevil to determine if they are equivalent , or if their scope of responsibilities and experience is not as broad .
tr	ADP	If you can present opportunities such as access to private equity or hedge funds , or other ideas with strong growth potential and low correlation to the S @ P , I ' d listen .
tr	ADP	How about prior to that or after that on Tuesday .
tr	ADP	An enhanced position signoff process will be implemented prior to end Q1 covering gross tonnage , spread positions and summarised analyses for brand and locations .
tr	ADP	User requests for additional AS400 functionality and reports have been aggressively prioritised and a code freeze will commence prior to the end of Q1 following the delivery of three reports determined as minimum requirements for the support of OBSF .
tr	ADP	We would like to pursue an offer to Rick Fehl prior to the next Executive Committee meeting on May 7 , 2001 .
tr	ADP	I spoke to her prior to my note .
tr	ADP	We have had enthusiastic responses from companies such as AT & T , Duke Energy , Pitney Bowes and DaimlerChrysler , and I would be pleased to answer any questions you may have about this focal point for our educational efforts .?
tr	ADP	Regarding those rumors about wolves living in Yellowstone prior to the official reintroduction ?
tr	ADP	Bradley ' s record of 300 phenophases found that even prior to 1999 , spring was arriving in higher latitudes several weeks earlier than in the earlier years of her data .
tr	ADP	According to Parmesan ' s earlier studies , one extinction event , for instance , was triggered when a checkerspot population migrated north prematurely , relying on a warming temperature signal , then was caught in a severe snowstorm in its northern habitat .
tr	ADP	The report also found alterations of ecosystem processes such as carbon cycling and storage .
tr	ADP	The important commercial species that probably would benefit from warming include cod , haddock , saithe , herring , blue whiting and several types of flatfish and crustaceans -- such as the Norway lobster .
tr	ADP	The IPN report examines commercial fish species , but it neglects important non - commercial animals , such as seals and polar bears .
tr	ADP	The fact that bad apprentice musicians such as the Beatles and the Rolling Stones achieved such a giant fame that not even the real quality musicians could achieve , was because the forces of Satan were behind everything , supporting the process .
tr	ADP	""" The Bush administration is preparing its NATO allies for a possible military strike against suspected nuclear sites in Iran in the New Year , according to German media reports , reinforcing similar earlier suggestions in the Turkish media ,"" reported UPI on December 30th ."
tr	ADP	"According to a report issued by the Center for Strategic and International Studies in December of 2004 , Iran "" has some 540 , 000 men under arms and over 350 , 000 reserves ."
tr	ADP	According to Linda Bilmes of Harvard and Nobel Laureate Joseph E . Stiglitz of Columbia University , the final cost of the Iraq occupation will run between $ 1 trillion and $ 2 trillion , surpassing by orders of magnitude the estimates put forth by the Bush administration .
tr	ADP	237 - Minimum number of misleading statements on Iraq made by top Bush administration officials between 2002 and January 2004 , according to the California Representative Henry Waxman .
tr	ADP	$ 4b - Actual monthly cost of the US military presence in Iraq according to Secretary of Defence Rumsfeld in 2004 .
tr	ADP	4 - Rank of the United States among countries considered to be the greatest threats to world peace according to a 2003 Pew Global Attitudes study ( Israel , Iran , and North Korea were considered more dangerous ; Iraq was considered less dangerous ).
tr	ADP	"In Vietnam , when a baby was born , they must be named "" first name "" according to that of their fathers ."
tr	ADP	This rail is used for multi purposes , such as laser devices or flashlight devices .
tr	ADP	Flip the switch and adjust your laser sight according to the directions in the owner manual that comes with the laser sight .
tr	ADP	According to a couple sources , the world record for the oldest cat was a cat in Devon , England who reportedly live to the age of 36 .
tr	ADP	Both towns have airports that are served regularly from the larger cities such as Sao Paulo , Rio de Janeiro and Buenos Aires .
tr	ADP	"According to the Citizenship and Immigration Canada web site at http :// www . cic . gc . ca / english / immigrate / skilled / assess / index . asp , it states "" Note : you must meet the minimum requirements for your application to be eligible for processing ."""
tr	ADP	The term renaissance is in essence a modern one that came into currency in the 19th century , in the work of historians such as Jacob Burckhardt .
tr	ADP	according to the vet , he is healthy and looks good .
tr	ADP	The long tube UVB bulbs are best , like Zoomed ' s Repsitun model : http :// lllreptile . com / store / catalog / reptile - supplies / uvb - fluorescent - lights - mercury - vapor - bulbs /-/ zoo - med - 24 - repti - sun - 100 - fluorescent - bulb / Remember to replace UVB bulbs according to the manufacturers recommendation after which time the bulb will no longer produce UVB even if visible light still is .
tr	ADP	Autumn is from mid August onwards as far as the weather goes if not officially according to the calender .
tr	ADP	1 . Is a tank mate ( such as another female killie or a Cory or large snails ) rating the eggs ?
tr	ADP	You can select the proper route and travel plans by consulting the agents prior to the booking ........
tr	ADP	Then , they sold me overpriced stuffs , such as oil tank cap , so that my car can pass it right away .
tr	ADP	According to news accounts , the company is struggling .
tr	ADP	He was patient and adapted when everything didn ' t go according to schedule on my wedding day .
tr	ADP	I rarely write reviews such as this one , but they certainly deserve anyone ' s business !
tr	ADP	It sounds ( according to your own statement ) that they had a roomful of dogs , so they must be doing something right - and are keeping those dogs safe from potential problems .
tr	SCONJ	There are naive old - fashioned habits such as respecting religious sites and symbols , not using ambulances and hospitals for acts of war , avoiding the mutilation of dead bodies and not using children as human shields or human bombs .
tr	SCONJ	I looked at the UEComm Master and had some comments -- such as our name is wrong , the cross default threshold for us should be US $ and not AUD , and there were a few other questions I had .
tr	SCONJ	Furthermore , I would like to reiterate that RAC ' s goal , prior to quoting any credit reserve , is to be 100 % confident that : ( i ) the methodology that is being employed is consistent among the internal groups ; and ( ii ) the inherent value of the price risk management contracts matches .
tr	SCONJ	Since the bankruptcy filing , vendors have been very reluctant to ship material prior to it being prepaid ( Daniels , Fisher , Rosemont , other ).
tr	SCONJ	"In George Orwell ' s influential novel "" 1984 "" doublethink is a device promoted by the totalitarian state government to make people accept two irreconcilable ideas at the same time such as "" war is peace ""."
tr	SCONJ	If you have any questions , please request clarification prior to rating the answer .
tr	SCONJ	"Came the disintegration of the Beatles ' minds with LSD which has caused , among others , schizophrenic lyrics such as "" I am the Walrus "" and incoherent schizophrenic musical expositions like "" Revolution number 9 ""."
tr	SCONJ	"Antichrist John Lennon followed the Devil ' s strategy writing lyrics such as "" God is a concept by which we measure our pain ... I don ' t believe in Jesus , etc ., etc .,"" ( God ) and "" and no religions too ..."" ( Imagine )."
tr	SCONJ	"Because of the trauma that his homosexual relation with Brian Epstein had left him , he made lyrics such as : "" You can wear a collar and a tie , one thing you can ' t hide is when you ' re crippled inside "" and gave declarations to the "" Rolling Stone "" magazine saying that "" sometimes he wore Texan boots to feel more secure as a man ""."
va	ADV	It seems clear to me that the manhunt for high Baath officials in the Sunni heartland is being done wrong , or at least in ways that are bad for US standing with local Iraqis .
va	ADV	He added that around 1 , 100 cartoons were submitted by participants from more than 60 countries and that more than 200 are on show .
va	ADV	"To pander to the mythical "" Arab street "", of course ."
va	ADV	But sometimes , of course , when Z happens after X it is because of X .
va	ADV	This has resulted in a major rail accident in Pakistan involving three trains and involving more than 300 deaths .
va	ADV	Now more than 1100 pictures .
va	ADV	"If you are new to "" The Cat Album "" I can tell you that you ' ll find more than 1100 pictures of cute cats at this site ."
va	ADV	Argentinian foods of course , LMAO .
va	ADV	its kind of expensive though
va	ADV	If you HAVE a cat of course .
va	ADV	Its still a fairly new relationship and we havent had sex yet so its kind of a big deal .
va	ADV	it was worth of the ride more than an hour ...
va	ADP	The continued Israeli colonization of the occupied Palestinian territories during the 1990s helped , along with terrorist attacks by radical groups such as Hamas , to derail the peace process , which Sharon had always opposed .
va	ADP	Hundreds of persons mounted demonstrations against the Fallujah campaign in Tikrit and Huwaijah , as well , according to az - Zaman .
va	ADP	"Sept . 11 Commission member Philip Zelikow , who is close to the Bush administration , admitted on Sept . 10 , 2002 , that the ulterior motive of the Bush administration for the Iraq War was to "" protect Israel ,"" according to the Asian Times ."
va	ADP	All you have to do is sign up for one free offer ( such as efax ) and then cancel within the offer time frame .
va	ADP	The end of the year is a time for compiling statistics - and according to the World Conservation Union ( IUCN ), the year 2003 has been bad news for plants and non - human animals , with many species now closer to extinction than ever before .
va	ADP	Therefore , public housing residents have been unable to secure the units for which they qualified prior to the storm and are left homeless , as a result .
va	ADP	I would go with a small rodent such as a mouse , rat , hamster or gerbil if you want something you can handle and hold .
va	SCONJ	As such , we will distribute net shares calculating the proper withholding at fair market value the day prior to notifying the transfer agent .
va	CCONJ	I was ashamed to be in friendship with girls ... until I undrstood that it ' s not seakness as well as women wearing men ' s pants isn ' t seak :)
va	CCONJ	There are a couple decent people working there , but the rest are VERY dishonest , as well as rude , I have yet to hear the truth come out of their mouths .
va	CCONJ	She has a great way with children and is able to capture their personality as well as many spontaneous images .
te	ADV	They own blogger , of course .
te	ADV	Of course Bush would have tried to stop 9 / 11 if he had known it was coming .
te	ADV	Of course , you could just go in by main force .
te	ADV	Of course , that was the bottom
te	ADV	U . S . astronauts will launch to the moon on sleek , single , shuttle booster rockets and the first new upper - stage rocket this country has developed in more than a decade , NASA and the Pentagon have told the White House .
te	ADV	I mean besides me of course .
te	ADV	Well , I ' m about to graduate in less then a year , and I ' m planning to study medical school .
te	ADV	Airfare alone will be incredibly expensive so make sure you have the money and of course free time to take your time and have a great time .
te	ADV	go 2 starbucks dont spend more than 20 bucks :)
te	ADV	I never wait in the waiting room more than two minutes and the cleanings are quick and painless .
te	ADP	Cities such as Falluja received special treatment from Saddam and enjoyed a disproportionate share of the country ' s wealth and power .
te	ADP	Important news such as President Bush ' s miniscule calibrations on his marriage amendment / anti - gay ( update : he ' s not against gays in the bedroom , just at the altar , where of course their relationships should not only be frowned upon but should be constitutionally excluded ) has pushed Sudan not just off the front pages , or the A section , but out of the NY Times and Washington Post completely .
te	ADP	The African Union is clearly not up to the task of keeping the peace , pledging 300 troops to an area that will need 15 , 000 , according to analysts .
te	ADP	And international donors have given only half of the relief aid that Darfur needs , according to the local UN officials .
te	ADP	"In a communique , the AMS said that for Iraqis to take part with "" raiding forces "" in the assault on a city , the population of which is Muslim ( such as Fallujah ) would be considered the most mortal of mortal sins ."
te	ADP	The Pentagon did not even have a plan for dealing with Afghanistan or al - Qaeda that it could pull off the shelf , according to Bob Woodward .
te	ADP	""" Inhibitory systems are essential for controlling the pattern of activity in the cortex , which has important implications for the mechanisms of cortical operation , according to a Yale School of Medicine study in Neuron ...."
te	ADP	The overwhelming human and financial impacts of Hurricane Katrina are powerful evidence that political and economic decisions made in the United States and other countries have failed to account for our dependence on a healthy resource base , according to an assessment released today by the Worldwatch Institute .
te	ADP	According to many scientists , the early results of global warming — 90 degree Fahrenheit water temperatures in the Gulf and rising sea levels — may have exacerbated the destructive power of Katrina .
te	CCONJ	You can attach anything you write to pages for your local area , as well as to the ' issue ' pages .
te	PRON	The waiting staff is really friendly , its like every one knows each other , the manager is really sweet and the food .. well no complaints from me .
